AAD.DE,Amadeus Fire AG,EUR,50,0,0.30%,0.50%,09:00 - 17:30,Mon - Fri,Stock
AB.FR,AB Science SA CFD,EUR,50,0,0.30%,0.50%,09:00 - 17:30,Mon - Fri,Stock
ABR.US,Arbor Realty Trust Inc (Cboe BZX Real-Time Quote),USD,50,0,0.30%,0.50%,15:30 - 22:00,Mon - Fri,Stock
ACHR.US,Archer Aviation CFD,USD,50.0,0,0.30%,0.50%,15:30 - 22:00,Mon - Fri,Stock
ADTN.US,ADTRAN Inc,USD,50,0,0.30%,0.50%,15:30 - 22:00,Mon - Fri,Stock
AKBA.US,Akebia Therapeutics Inc,USD,50,0,0.30%,0.50%,15:30 - 22:00,Mon - Fri,Stock
AML.UK,Aston Martin Lagonda Global Holdings PLC,GBP,100,0,0.30%,0.50%,09:00 - 17:30,Mon - Fri,Stock
AMSC.US,American Superconductor Corp,USD,50,0,0.30%,0.50%,15:30 - 22:00,Mon - Fri,Stock
AOSL.US,Alpha and Omega Semiconductor Ltd,USD,50,0,0.30%,0.50%,15:30 - 22:00,Mon - Fri,Stock
APP.US,Applovin Corp - class A,USD,50,0,0.30%,0.50%,15:30 - 22:00,Mon - Fri,Stock
ARQQ.US,Arqit Quantum Inc CFD,USD,50.0,0,0.30%,0.50%,15:30 - 22:00,Mon - Fri,Stock
ASTS.US,AST SpaceMobile Inc - class A CFD,USD,50.0,0,0.30%,0.50%,15:30 - 22:00,Mon - Fri,Stock
ATO.FR,AtoS,EUR,50,0,0.30%,0.50%,09:00 - 17:30,Mon - Fri,Stock
AVAV.US,AeroVironment Inc,USD,100,0,0.30%,0.50%,15:30 - 22:00,Mon - Fri,Stock
BAK.US,Braskem SA,USD,50,0,0.30%,0.50%,15:30 - 22:00,Mon - Fri,Stock
BBW.US,Build-A-Bear Workshop Inc,USD,50,0,0.30%,0.50%,15:30 - 22:00,Mon - Fri,Stock
BIG.FR,Bigben Interactive SA CFD,EUR,50,0,0.30%,0.50%,09:00 - 17:30,Mon - Fri,Stock
BILI.US,Bilibili Inc - ADR,USD,50,0,0.30%,0.50%,15:30 - 22:00,Mon - Fri,Stock
BLDP.US,Ballard Power Systems Inc,USD,50,0,0.30%,0.50%,15:30 - 22:00,Mon - Fri,Stock
BLNK.US,Blink Charging Co,USD,50,0,0.30%,0.50%,15:30 - 22:00,Mon - Fri,Stock
BMBL.US,Bumble Inc - class A,USD,50,0,0.30%,0.50%,15:30 - 22:00,Mon - Fri,Stock
BRBR.US,Bellring Brands Inc,USD,50,0,0.30%,0.50%,15:30 - 22:00,Mon - Fri,Stock
BSX.US,Boston Scientific Corp,USD,50,0,0.30%,0.50%,15:30 - 22:00,Mon - Fri,Stock
BYND.US,Beyond Meat Inc,USD,50,0,0.30%,0.50%,15:30 - 22:00,Mon - Fri,Stock
CAR.US,Avis Budget Group Inc,USD,50,0,0.30%,0.50%,15:30 - 22:00,Mon - Fri,Stock
CCOI.US,Cogent Communications Holdings Inc (Cboe BZX Real-Time Quote),USD,50,0,0.30%,0.50%,15:30 - 22:00,Mon - Fri,Stock
CDLX.US,Cardlytics Inc,USD,50,0,0.30%,0.50%,15:30 - 22:00,Mon - Fri,Stock
CELH.US,Celsius Holdings Inc,USD,50,0,0.30%,0.50%,15:30 - 22:00,Mon - Fri,Stock
CHGG.US,Chegg Inc,USD,50,0,0.30%,0.50%,15:30 - 22:00,Mon - Fri,Stock
CO.FR,Casino Guichard Perrachon SA,EUR,50,0,0.30%,0.50%,09:00 - 17:30,Mon - Fri,Stock
COIN.US,Coinbase Global Inc - class A,USD,50,0,0.30%,0.50%,15:30 - 22:00,Mon - Fri,Stock
COUR.US,Coursera Inc,USD,50,0,0.30%,0.50%,15:30 - 22:00,Mon - Fri,Stock
CPRI.US,Capri Holdings Ltd,USD,50,0,0.30%,0.50%,15:30 - 22:00,Mon - Fri,Stock
CRST.UK,Crest Nicholson Holdings plc,GBP,100,0,0.30%,0.50%,09:00 - 17:30,Mon - Fri,Stock
CSGP.US,CoStar Group Inc,USD,50,0,0.30%,0.50%,15:30 - 22:00,Mon - Fri,Stock
CSIQ.US,Canadian Solar Inc.,USD,50,0,0.30%,0.50%,15:30 - 22:00,Mon - Fri,Stock
DOCS.US,Doximity Inc - class A,USD,50,0,0.30%,0.50%,15:30 - 22:00,Mon - Fri,Stock
EAPI.FR,Euroapi SA CFD,EUR,50,0,0.30%,0.50%,09:00 - 17:30,Mon - Fri,Stock
EBS.US,Emergent BioSolutions Inc,USD,50,0,0.30%,0.50%,15:30 - 22:00,Mon - Fri,Stock
EHTH.US,eHealth Inc,USD,50,0,0.30%,0.50%,15:30 - 22:00,Mon - Fri,Stock
EL.FR,EssilorLuxottica,EUR,50,0,0.30%,0.50%,09:00 - 17:30,Mon - Fri,Stock
ELUXB.SE,Electrolux AB,SEK,1000,0,0.30%,0.50%,09:00 - 17:25,Mon - Fri,Stock
ENVX.US,Enovix Corp,USD,50,0,0.30%,0.50%,15:30 - 22:00,Mon - Fri,Stock
EOSE.US,Eos Energy Enterprises Inc CFD,USD,50.0,0,0.30%,0.50%,15:30 - 22:00,Mon - Fri,Stock
ERII.US,Energy Recovery Inc,USD,50,0,0.30%,0.50%,15:30 - 22:00,Mon - Fri,Stock
ETL.FR,Eutelsat Communications SA,EUR,50,0,0.30%,0.50%,09:00 - 17:30,Mon - Fri,Stock
EVH.US,Evolent Health Inc,USD,50,0,0.30%,0.50%,15:30 - 22:00,Mon - Fri,Stock
EXE.FR,Exel Industries SA CFD,EUR,50,0,0.30%,0.50%,09:00 - 17:30,Mon - Fri,Stock
EYPT.US,EyePoint Pharmaceuticals Inc,USD,50,0,0.30%,0.50%,15:30 - 22:00,Mon - Fri,Stock
FCT.IT,Fincantieri SpA CFD,EUR,0,0,0.30%,0.50%,09:00 - 17:30,Mon - Fri,Stock
FICO.US,Fair Isaac Corp,USD,50,0,0.30%,0.50%,15:30 - 22:00,Mon - Fri,Stock
FISV.US,Fiserv Inc CFD,USD,50.0,0,0.30%,0.50%,15:30 - 22:00,Mon - Fri,Stock
FLO.US,Flowers Foods Inc,USD,50,0,0.30%,0.50%,15:30 - 22:00,Mon - Fri,Stock
FMC.US,FMC Corp,USD,50,0,0.30%,0.50%,15:30 - 22:00,Mon - Fri,Stock
FTEK.US,Fuel Tech Inc,USD,50,0,0.30%,0.50%,15:30 - 22:00,Mon - Fri,Stock
FUBO.US,Fubotv Inc,USD,50,0,0.30%,0.50%,15:30 - 22:00,Mon - Fri,Stock
FVRR.US,Fiverr International Ltd (Cboe BZX Real-Time Quote),USD,50,0,0.30%,0.50%,15:30 - 22:00,Mon - Fri,Stock
FXPO.UK,Ferrexpo PLC,GBP,100,0,0.30%,0.50%,09:00 - 17:30,Mon - Fri,Stock
GBT.FR,Guerbet SA CFD,EUR,50,0,0.30%,0.50%,09:00 - 17:30,Mon - Fri,Stock
GTM.US,Zoominfo Technologies Inc CFD,USD,50.0,0,0.30%,0.50%,15:30 - 22:00,Mon - Fri,Stock
HAIN.US,Hain Celestial Group Inc,USD,50,0,0.30%,0.50%,15:30 - 22:00,Mon - Fri,Stock
HEM.SE,Hemnet Group AB CFD,SEK,1000.0,0,0.30%,0.50%,09:00 - 17:25,Mon - Fri,Stock
HIMS.US,Hims & Hers Health Inc CFD,USD,50.0,0,0.30%,0.50%,15:30 - 22:00,Mon - Fri,Stock
HRTX.US,Heron Therapeutics Inc,USD,50,0,0.30%,0.50%,15:30 - 22:00,Mon - Fri,Stock
HUBS.US,HubSpot Inc,USD,50,0,0.30%,0.50%,15:30 - 22:00,Mon - Fri,Stock
HUYA.US,HUYA Inc - ADR,USD,50,0,0.30%,0.50%,15:30 - 22:00,Mon - Fri,Stock
IMSR.US,Terrestrial Energy Inc - class A CFD,USD,50.0,0,0.30%,0.50%,15:30 - 22:00,Mon - Fri,Stock
INSP.US,Inspire Medical Systems Inc,USD,50,0,0.30%,0.50%,15:30 - 22:00,Mon - Fri,Stock
INTRUM.SE,Intrum AB,SEK,1000,0,0.30%,0.50%,09:00 - 17:25,Mon - Fri,Stock
INTU.US,Intuit Inc,USD,50,0,0.30%,0.50%,15:30 - 22:00,Mon - Fri,Stock
JKS.US,JinkoSolar Holding Co Ltd - ADR,USD,50,0,0.30%,0.50%,15:30 - 22:00,Mon - Fri,Stock
JMIA.US,Jumia Technologies AG - ADR,USD,50,0,0.30%,0.50%,15:30 - 22:00,Mon - Fri,Stock
KD.US,Kyndryl Holdings Inc,USD,50,0,0.30%,0.50%,15:30 - 22:00,Mon - Fri,Stock
KTOS.US,Kratos Defense and Security Solutions Inc,USD,50,0,0.30%,0.50%,15:30 - 22:00,Mon - Fri,Stock
LASR.US,nLIGHT Inc,USD,50,0,0.30%,0.50%,15:30 - 22:00,Mon - Fri,Stock
LCID.US,Lucid Group Inc,USD,50,0,0.30%,0.50%,15:30 - 22:00,Mon - Fri,Stock
LI.US,Li Auto Inc. - ADR,USD,50,0,0.30%,0.50%,15:30 - 22:00,Mon - Fri,Stock
LINC.US,Lincoln Educational Services Corp,USD,50,0,0.30%,0.50%,15:30 - 22:00,Mon - Fri,Stock
LTBR.US,Lightbridge Corp CFD,USD,50.0,0,0.30%,0.50%,15:30 - 22:00,Mon - Fri,Stock
LULU.US,Lululemon Athletica Inc,USD,50,0,0.30%,0.50%,15:30 - 22:00,Mon - Fri,Stock
MARA.US,Marathon Digital Holdings Inc,USD,50,0,0.30%,0.50%,15:30 - 22:00,Mon - Fri,Stock
MDM.FR,Maisons du Monde SA,EUR,50,0,0.30%,0.50%,09:00 - 17:30,Mon - Fri,Stock
MMTX.CH,MindMaze Therapeutics Holding SA CFD,CHF,150.0,0,0.30%,0.50%,09:00 - 17:20,Mon - Fri,Stock
MNDY.US,Monday.Com Ltd,USD,50,0,0.30%,0.50%,15:30 - 22:00,Mon - Fri,Stock
MXL.US,Maxlinear Inc,USD,50,0,0.30%,0.50%,15:30 - 22:00,Mon - Fri,Stock
MYGN.US,Myriad Genetics Inc,USD,50,0,0.30%,0.50%,15:30 - 22:00,Mon - Fri,Stock
NACON.FR,Nacon SAS CFD,EUR,50,0,0.30%,0.50%,09:00 - 17:30,Mon - Fri,Stock
NFE.US,New Fortress Energy Inc - class A,USD,50,0,0.30%,0.50%,15:30 - 22:00,Mon - Fri,Stock
NIO.US,NIO Inc - class A,USD,50,0,0.30%,0.50%,15:30 - 22:00,Mon - Fri,Stock
NNOX.US,Nano-X Imaging Ltd,USD,50,0,0.30%,0.50%,15:30 - 22:00,Mon - Fri,Stock
NTLA.US,Intellia Therapeutics Inc CFD,USD,50.0,0,0.30%,0.50%,15:30 - 22:00,Mon - Fri,Stock
NVTS.US,Navitas Semiconductor Corp CFD (Cboe BZX Real-Time Quote),USD,50,0,0.30%,0.50%,15:30 - 22:00,Mon - Fri,Stock
OKLO.US,Oklo Inc CFD,USD,50.0,0,0.30%,0.50%,15:30 - 22:00,Mon - Fri,Stock
OPEN.US,Opendoor Technologies Inc - class A,USD,50,0,0.30%,0.50%,15:30 - 22:00,Mon - Fri,Stock
ORCL.US,Oracle Corp,USD,50,0,0.30%,0.50%,15:30 - 22:00,Mon - Fri,Stock
OSG.US,Octave Specialty Group Inc CFD,USD,50.0,0,0.30%,0.50%,15:30 - 22:00,Mon - Fri,Stock
PFSI.US,PennyMac Financial Services Inc,USD,50,0,0.30%,0.50%,15:30 - 22:00,Mon - Fri,Stock
PLNT.US,Planet Fitness Inc - class A,USD,50,0,0.30%,0.50%,15:30 - 22:00,Mon - Fri,Stock
PODD.US,Insulet Corp,USD,50,0,0.30%,0.50%,15:30 - 22:00,Mon - Fri,Stock
PRIM.US,Primoris Services Corp,USD,50,0,0.30%,0.50%,15:30 - 22:00,Mon - Fri,Stock
PSM.DE,ProSiebenSat1 Media AG,EUR,50,0,0.30%,0.50%,09:00 - 17:30,Mon - Fri,Stock
QDEL.US,Quidelortho Corp,USD,50,0,0.30%,0.50%,15:30 - 22:00,Mon - Fri,Stock
QS.US,Quantumscape Corp - class A,USD,50,0,0.30%,0.50%,15:30 - 22:00,Mon - Fri,Stock
RARE.US,Ultragenyx Pharmaceutical Inc,USD,50,0,0.30%,0.50%,15:30 - 22:00,Mon - Fri,Stock
RBLX.US,Roblox Corp - class A,USD,50,0,0.30%,0.50%,15:30 - 22:00,Mon - Fri,Stock
RFIL.US,RF Industries Ltd,USD,50,0,0.30%,0.50%,15:30 - 22:00,Mon - Fri,Stock
RUN.US,Sunrun Inc,USD,50,0,0.30%,0.50%,15:30 - 22:00,Mon - Fri,Stock
SESG.FR,SES SA - class A,EUR,50,0,0.30%,0.50%,09:00 - 17:30,Mon - Fri,Stock
SIGA.US,SIGA Technologies Inc,USD,50,0,0.30%,0.50%,15:30 - 22:00,Mon - Fri,Stock
SLI.US,Standard Lithium Ltd,USD,50,0,0.30%,0.50%,15:30 - 22:00,Mon - Fri,Stock
SMPL.US,Simply Good Foods Co,USD,50,0,0.30%,0.50%,15:30 - 22:00,Mon - Fri,Stock
SMR.US,Nuscale Power Corp - class A,USD,50,0,0.30%,0.50%,15:30 - 22:00,Mon - Fri,Stock
SNT.US,Senstar Technologies Corp,USD,50,0,0.30%,0.50%,15:30 - 22:00,Mon - Fri,Stock
SPCE.US,Virgin Galactic Holdings Inc - class A,USD,50,0,0.30%,0.50%,15:30 - 22:00,Mon - Fri,Stock
SSTK.US,Shutterstock Inc,USD,50,0,0.30%,0.50%,15:30 - 22:00,Mon - Fri,Stock
STLA.US,Stellantis NV CFD,USD,50.0,0,0.30%,0.50%,15:30 - 22:00,Mon - Fri,Stock
STLAM.IT,Stellantis NV,EUR,0,0,0.30%,0.50%,09:00 - 17:30,Mon - Fri,Stock
TREE.US,LendingTree Inc,USD,50,0,0.30%,0.50%,15:30 - 22:00,Mon - Fri,Stock
TRIP.US,TripAdvisor Inc,USD,50,0,0.30%,0.50%,15:30 - 22:00,Mon - Fri,Stock
TROX.US,Tronox Holdings PLC,USD,50,0,0.30%,0.50%,15:30 - 22:00,Mon - Fri,Stock
TTD.US,Trade Desk Inc - class A,USD,50,0,0.30%,0.50%,15:30 - 22:00,Mon - Fri,Stock
UBI.FR,UBISOFT Entertainment,EUR,50,0,0.30%,0.50%,09:00 - 17:30,Mon - Fri,Stock
UPST.US,Upstart Holdings Inc,USD,50,0,0.30%,0.50%,15:30 - 22:00,Mon - Fri,Stock
USNA.US,USANA Health Sciences Inc,USD,50,0,0.30%,0.50%,15:30 - 22:00,Mon - Fri,Stock
VHC.US,VirnetX Holding Corp,USD,50,0,0.30%,0.50%,15:30 - 22:00,Mon - Fri,Stock
VICR.US,Vicor Corp,USD,100,0,0.30%,0.50%,15:30 - 22:00,Mon - Fri,Stock
VIV.FR,Vivendi SA,EUR,50,0,0.30%,0.50%,09:00 - 17:30,Mon - Fri,Stock
VNET.US,VNET Group Inc CFD,USD,50.0,0,0.30%,0.50%,15:30 - 22:00,Mon - Fri,Stock
VPG.US,Vishay Precision Group Inc,USD,50,0,0.30%,0.50%,15:30 - 22:00,Mon - Fri,Stock
VRM.US,Vroom Inc,USD,50,0,0.30%,0.50%,15:30 - 22:00,Mon - Fri,Stock
VTY.UK,Vistry Group PLC,GBP,100,0,0.30%,0.50%,09:00 - 17:30,Mon - Fri,Stock
VU.FR,Vusiongroup SA CFD,EUR,50,0,0.30%,0.50%,09:00 - 17:30,Mon - Fri,Stock
WHR.US,Whirlpool Corp,USD,50,0,0.30%,0.50%,15:30 - 22:00,Mon - Fri,Stock
WIX.US,Wix.com Ltd.,USD,50,0,0.30%,0.50%,15:30 - 22:00,Mon - Fri,Stock
WKHS.US,Workhorse Group Inc,USD,50,0,0.30%,0.50%,15:30 - 22:00,Mon - Fri,Stock
WLN.FR,Worldline SA/France,EUR,50,0,0.30%,0.50%,09:00 - 17:30,Mon - Fri,Stock
XPEV.US,Xpeng Inc - ADR,USD,50,0,0.30%,0.50%,15:30 - 22:00,Mon - Fri,Stock
Z.US,Zillow Group Inc - class C,USD,50,0,0.30%,0.50%,15:30 - 22:00,Mon - Fri,Stock
